{
    "EchoTime1": 0.004920,
    "EchoTime2": 0.007380
}
